doc_id,file_path,title,source_url,retrieved_at,document_version,customer_role,category,source_status
shopee-return-refund-policy,data/k4_official/01_shopee_chinh_sach_tra_hang_hoan_tien.md,Chính sách trả hàng và hoàn tiền Shopee,https://help.shopee.vn/portal/4/article/77251?seo=1,2026-08-03,effective-2026-03-11,both,returns_refunds,public-official-source
shopee-privacy-policy,data/k4_official/02_shopee_chinh_sach_bao_mat.md,Chính sách bảo mật Shopee,https://help.shopee.vn/portal/4/article/77244?previousPage=other+articles,2026-08-03,updated-2026-06-04,both,privacy,public-official-source
shopee-terms-of-service,data/k4_official/03_shopee_dieu_khoan_dich_vu.md,Điều khoản dịch vụ Shopee,https://help.shopee.vn/portal/4/article/77243,2026-08-03,snapshot-2026-08-03,both,terms_of_service,public-official-source
shopee-prohibited-restricted-products,data/k4_official/04_shopee_chinh_sach_cam_han_che_san_pham.md,Chính sách cấm và hạn chế sản phẩm Shopee,https://help.shopee.vn/portal/4/article/77247,2026-08-03,snapshot-2026-08-03,seller,seller_listing,public-official-source
shopee-change-payment-method-guide,data/k4_official/05_shopee_huong_dan_doi_phuong_thuc_thanh_toan.md,Hướng dẫn đổi phương thức thanh toán Shopee,https://help.shopee.vn/portal/4/article/79128,2026-08-03,snapshot-2026-08-03,buyer,payment,public-official-source
tiki-payment-security-policy,data/k4_official/06_tiki_chinh_sach_bao_mat_thanh_toan.md,Chính sách bảo mật thanh toán Tiki,https://tiki.vn/_mobile-next/static/docs/TIKI_Chinh_sach_bao_mat_thanh_toan.pdf,2026-08-03,snapshot-2026-08-03,buyer,payment_security,public-official-source
tiki-personal-data-protection-policy,data/k4_official/07_tiki_chinh_sach_bao_ve_thong_tin_ca_nhan.md,Chính sách bảo vệ thông tin cá nhân Tiki,https://tiki.vn/_desktop-next/static/docs/TIKI_Chinh_sach_bao_ve_thong_tin_ca_nhan_nguoi_tieu_dung_VN_23082024.pdf,2026-08-03,2024-08-23,both,privacy,public-official-source
tiki-inspection-on-delivery-policy,data/k4_official/08_tiki_chinh_sach_kiem_hang.md,Chính sách kiểm hàng Tiki,https://tiki.vn/_desktop-next/static/docs/TIKI_Chinh%20sach%20kiem%20hang.pdf,2026-08-03,snapshot-2026-08-03,buyer,delivery,public-official-source
moit-ecommerce-consolidated-regulation-2018,data/k4_official/09_moit_quy_dinh_thuong_mai_dien_tu.md,Văn bản hợp nhất quy định về thương mại điện tử,https://moit.gov.vn/upload/2005517/20210623/_VB_1519379363763_VB_VBHN-BCT_2018_11.pdf,2026-08-03,11/VBHN-BCT-2018,both,ecommerce_regulation,public-official-source
